name,score_00,score_01,score_10,score_18,score_19
Grape,0.918774,0.842347,0,0.764728,0.778545
FruitLoops,0.995517,0.936014,0,0.991556,0.998633
Poptarts,0.8,0,0,1,0.666667
